manifest	67c2cfef82a3c90d702856311d1e6816ffb86b98ed946e57e85427e4af6353b2	-
	Cargo.lock	100644	e4d778939a4fdf1040c53d8f48627021bf9fbdf205df88c9ba05467382afd938
	Cargo.toml	100644	daeb88833e41ba66f858eb39b96afafffc0ea4dc0fc6a688b2c3de7c526f6850
	README.md	100644	e9bc8c5a89b66b11ec36210b22cf6ba62756362000d1dd9b417af75b61900482
	crates/local-sights-core/Cargo.toml	100644	33a8450b88bc6639f23e78284dded352fb9691eb0fb75900d37061166325bad7
	crates/local-sights-core/src/cache/mod.rs	100644	767be66be0e6cb5fccbd7e2a4fa512bb1ec4270206d363ca97b703ed926fde4a
	crates/local-sights-core/src/cache/plan.rs	100644	63c9b89e4272472bc42ccd025cfa077ffb565cfbace3b7d497c2c9f44e7b1c87
	crates/local-sights-core/src/cache/settings.rs	100644	2851b8bb45add6385edd7a3cbb8a7e771fa341abeb379957fc1efbcd0d4891ac
	crates/local-sights-core/src/coordinator.rs	100644	dbd974aa1eaae81729c0bf307b9078df878de60ad5bec2b8aee19d68b6aa75ce
	crates/local-sights-core/src/filter.rs	100644	9fdb2d6fb21a9462d32829e5b94f2ee65c8179fa707deb96bc827316f13d02f5
	crates/local-sights-core/src/lib.rs	100644	f17fa02e0f9353824c4b9bf7f4a4a333ccf43e7493e0263451c7a6eed798f2b8
	crates/local-sights-core/src/log_view.rs	100644	809210b731057f674610e60a4b6b1991e2bcd64a456f9145edc17324225499ff
	crates/local-sights-core/src/session.rs	100644	1f6a5a1676d0a4893f2b7467d0315b04c9f282715a117e05eb662569950049ce
	crates/local-sights-core/tests/u6_cache_flow.rs	100644	7a8f13c1c6c59fc8290e4096f24d82b9c12097fc6624938ccdcd8083e588ac06
	src-tauri/build.rs	100644	49a5cd5cd97d15fb8be96953b2876613e0d169670bc208994cc3c63d3c5a71ed
	src-tauri/capabilities/default.json	100644	bd657621d9396aa8ac99442761db285fc2434d6bc96c19f0f17338fcc769ff37
	src-tauri/permissions/autogenerated/cancel_settings.toml	100644	ad2b83f9d9a3aa45a2cec3ab2a34e557e13fff85277489f81208b450b50169b5
	src-tauri/permissions/autogenerated/clear_cache.toml	100644	7bba105192cee47b8be6f0793feb241d3643bf8759e1eebd64d3dd42a62778e2
	src-tauri/permissions/autogenerated/open_settings.toml	100644	e948d39dbac58692d12b72a7f5da1af851cddeb1e25d6b4f68070783cb5d4624
	src-tauri/permissions/autogenerated/save_settings.toml	100644	c2f15c2f70819c74bcb7bfe20c7429f079ef2bc8fbad9da5e355aa1d2a5688e3
	src-tauri/src/lib.rs	100644	6a75d846af3975d29f98d2ba7ffb92342c027d7bfc291b05b4149004f822055e
	src/App.test.tsx	100644	6fd03452b4f3d722a0a186d58680cb072e15921213a84a636b5d45a50e9ba3a7
	src/App.tsx	100644	8d54ad05a2bbe596ef3800732b1478947da8b25819dedb114667f6c1fa7445a7
	src/api.ts	100644	13dc42a8ca9eb7ff6b6e48a6d6c1abd6d691e732dc580e494593b377e2ed26df
	src/components/ConnectionBar.test.tsx	100644	20e8451d6e4be4f24643722f536642a32ff63dfb353d21765f479d1ded890062
	src/components/ConnectionBar.tsx	100644	9fe5c283d395d1b95b1c05b098c5739e8bf3f32aa2f58d317c20240081d7538d
	src/components/FetchForm.tsx	100644	a91d160f641c28f4123744c4f3855ec26c86a21769afa113b0d5ec124b2df04d
	src/components/LogFilterInput.test.tsx	100644	058d68a985aa727dda89517bd9704a2667076a1acd67be7c246bae582ff5fc15
	src/components/LogFilterInput.tsx	100644	51c959ab6d7cebd0e6dedf4e41f0358828396a330fcdc86435322b190c591893
	src/components/SettingsDialog.test.tsx	100644	449f049cada27d82997ede20c79fee3481d180794ae34dc4f180053f41393df4
	src/components/SettingsDialog.tsx	100644	c23311ddc772e678b57cb1ecbf9d30f781e84131a873ba89af40a813fe38e466
	src/components/StatusLine.test.tsx	100644	79f35605d19e872b6d0fc37c0d573a7e13c6c946ca0f2269243891796ffb76d3
	src/components/StatusLine.tsx	100644	3dde3fa4580c82ae8c2ac64ece3cc2ed069409fe0a11b83c4e4d6e445d5d94f9
	src/i18n/messages.test.ts	100644	a9390a71a4a302338c9fe01eee093b6948037c1489d5c4ef379ad4c7195b4a21
	src/i18n/messages.ts	100644	0bf9f5d9897ab95af8b5c36f1a87394ae6f98d99dc861963dbda0e180f5ea55f
	src/test/fixtures.ts	100644	9eb592dc2a5870181b6ded4cdfa90406fd3ff3633a2ed5de1d53131e556ef595
