manifest	b37b46c75c222d06b03c844d4dc3e4755570cd97e520a710f4231f0d875e47ed	-
	README.md	100644	4b4262dd11b2b074e38a2dad8fd24f0dcfb577a19de0e1d6f6ae21c54b1171e7
	crates/local-sights-core/src/filter.rs	100644	de2a7c691cb48231d789605b61116fbda2e389ac5711ad11eab4be3ab7ec2b58
	crates/local-sights-core/src/lib.rs	100644	6f12ef2b285f74c9ed080282840f3dcca7822a924318cf8d19e80e6bbb62f2ce
	crates/local-sights-core/src/log_view.rs	100644	ddfecadec1e5472680768f5ec61e17f6fd1cd30cf86bb0f0f40dfb2a597b272b
	crates/local-sights-core/src/session.rs	100644	5f8f8bb0a330f9d45ddc4339bca61b9557ed4ea321082c1688035d92462881c1
	crates/local-sights-core/src/timeline.rs	100644	a92fbf7012fe9c44cd214725fe322edb378df9fd4611162987b879e8092a5f0b
	crates/local-sights-core/tests/u5_filter_flow.rs	100644	5663934acd4e017f0fe8da592f3842873d0c4e6fb9966783792fd20c09a250ea
	src-tauri/build.rs	100644	d5c803d11eb759b9c08f5878482036127c1d8f2baeeac535d61adb72fcbd9a61
	src-tauri/capabilities/default.json	100644	70195439d54b21b1af8d51af72af71ab91f78ebe0b70d4c8cf2afb296108bd54
	src-tauri/permissions/autogenerated/set_log_filter.toml	100644	fd85e5144889319bba6208b5880213cced016cae207bb9238fa8e6adf8d93ac0
	src-tauri/src/lib.rs	100644	4aae1b7c6509861e457c3f073c86b4879d74437a2b988ae4b26a886f137e707a
	src/App.test.tsx	100644	f61289108772fac1403368e1e1e2cf0ae9d735b718f8447aadba3f50da9ca9de
	src/App.tsx	100644	622db2379464052e2163d86ec65ebaeed1efee64b7c2495e80749c163394cb20
	src/api.ts	100644	f70a5677f0abd1e8b5932724afb4acec037ae846786d3e82671dfd7b709d8380
	src/components/FetchForm.test.tsx	100644	e2025e509dd41f720543999935ea36170f3c833069fae4dbdc532ed0070232fb
	src/components/FetchForm.tsx	100644	382d6109f1f53cf6ff1f4bf1f4a764d55e6b6c3a65731725f8e69566e5d9ea4d
	src/components/LogFilterInput.test.tsx	100644	e9966bee4cd160c734a08c6141b941ac37a5ecc12122b7edfa77a7eba1caf6d6
	src/components/LogFilterInput.tsx	100644	bdc3861e836f857709a3006a35b7bd4d51b28daea720e2bfc6ed96aef2c12178
	src/components/LogTable.test.tsx	100644	dcec0861913d17e2dffdbbf9191fe59770cd57f014ed6999a4084f5b509f6245
	src/components/LogTable.tsx	100644	64e5b31defe357fe07ee1c38389c5e21c16308925b2ac284d9b9b9efaf858f13
	src/components/StatusLine.test.tsx	100644	3e695df653d2ea65a6dd9238056df197867bd9a0db5394afd56105c2e4df0da2
	src/components/StatusLine.tsx	100644	2e3a7ca06e48c2598664a516b8f238ead0cc7161fe01ba4ccc267be917777748
	src/hooks/useDebouncedValue.ts	100644	c4a6f292dbb29c5c6cec8ba02764e740c4e54e90dc6a381335c51f7f9955b932
	src/hooks/useRowWindow.ts	100644	b8a1113c0aa1fd65d91734f1e540be5935e123bbcd9658b7a0f17b86d36c652e
	src/i18n/messages.test.ts	100644	db97564e1a3690d69f7d7ade0e80022526f6fa4ad7c8d4a3bc759f7f315aa1f4
	src/i18n/messages.ts	100644	cd4052369ca33fb1344349ca93a74413abb2fe857f6f820872690c6517527c65
	src/test/fixtures.ts	100644	7788d17c3d9530018b410a88b42332c641341c15a17698678a1929ee92406a4f
