manifest	9868ccea70d19551d2bac7c187c7a70ee9951d03daad0509b6448a72f73730cf	-
	Cargo.lock	100644	8a0ff08df65578af886bccf45e38708da40aed92f5ad4a4ab0fa3dc8577076cc
	Cargo.toml	100644	a3183c668fe4db09a5464c80ef0d1b5cf589f431a690c0b95488494dd815a039
	README.md	100644	df71bf60583c879e9805759082689a66f289e870f80f83f6c77f41eff504471a
	crates/local-sights-core/Cargo.toml	100644	9a138e1f0ed2f1b158e3a6f0108454197869827eafeeea3c3f82b5552aab5157
	crates/local-sights-core/examples/fetch_check.rs	100644	2c2cb9dbba9c9bcb062d7ddb748406861cdcae587cadfe4accf63c1530e7f39a
	crates/local-sights-core/src/date_input.rs	100644	d1cb39cfcef22ab406e30153becc4300092be9f8d8ef0302e5e3f35c1c3bf4e7
	crates/local-sights-core/src/lib.rs	100644	050820c7999fbdd39ae65d04b86e302662dacb4268269011f685337b7d912729
	crates/local-sights-core/src/request.rs	100644	94b2afc66a0c5f5368dc48e88fa0b93ad3a59930b4e031db5d7dbc1fb07384db
	crates/local-sights-core/src/session.rs	100644	aae6a164600ad66b8c4bb02a1d73dfde3d22d93d3ce59f7a245febf2fb45db35
	crates/local-sights-core/src/time_range.rs	100644	e829e4c3bd1a8af650f6726d7f51b8e23a3c71b75026b072d374c47c49cc3626
	crates/local-sights-core/src/time_zone.rs	100644	e92aef943c908c720bf35abc9cd0b7ee5977c756e9408362bdb8fbfb2913e97c
	src-tauri/build.rs	100644	35cc5199e3808e47ddd402c4d8ca816dad88a5c19ede191af74fbff1794917be
	src-tauri/capabilities/default.json	100644	a3eb73dbaaffb3a93e74c4020400ca5ad9f6c17b2bc1ac312a3b066356cedb9f
	src-tauri/permissions/autogenerated/select_time_zone.toml	100644	668164657a6f33179a63f094fcd61dbf09b37e93918bbf8d3cdfb6fe7ddc88f5
	src-tauri/src/lib.rs	100644	7247964ffcb7e54e0c3bc9f0014bcd4d69dc2c0c655e66ece145c6fcc8a7a37b
	src/App.test.tsx	100644	0cc85585221ecb170f15cc39b22d2a51507fbce8439617c260df6c760e52c338
	src/App.tsx	100644	7f568662b6572b76aeda44c50049dd100c4c80db78d561733c8c2c4eb26d1458
	src/api.ts	100644	7b59f465b14d2e75ebd9dd1994e9850b983475a2354e56bd1c6b4a10ad1c8b55
	src/components/ConnectionBar.test.tsx	100644	f9a45ded162a12fcf1cb7e15f9c569b530bbb7b8e4d1182a3f0af7f0df47b6dc
	src/components/ConnectionBar.tsx	100644	c730d060b1dc945b343d56749752b724c87900a0a407eb22d6d5da6effb7ee50
	src/components/FetchForm.test.tsx	100644	595aa010ccbb90c8e9bd34f365094f293a434b64038a71f45d0ca31f5532a212
	src/components/FetchForm.tsx	100644	33617256cfef3c530d28ecfb06c87e605cd9927ddeb68b7c427cc556c1f9fe7d
	src/components/LogTable.test.tsx	100644	7955d80c340cebd304b3e58d87b0124864ddf819ff70be85851ab742ba31b4c2
	src/components/LogTable.tsx	100644	b343282b78fb18a523e525884e6b680846c35532a28513918252f05f0f965dc0
	src/components/TimeZoneToggle.test.tsx	100644	37fbe53fb2b463ce43f1f0265063efc02d6e4c9d7446255e51f8edf29fd7b485
	src/components/TimeZoneToggle.tsx	100644	4fbc27f422acb39a1976a61d6d5f683634877df4cf03746ca552b1b7031dd606
	src/format.ts	100644	6eeccb9d6c5bd0a2143f1ce9278b4f194d9aa97ef01e3c10ad11c1e426d8db7d
	src/hooks/useRowWindow.ts	100644	c53577ab0bf76a5bd837116db50a71f9ec5207f1c5d3d14a0ef60085cb7cd3a1
	src/i18n/messages.test.ts	100644	aae41b17be474b98f0bdf41cec03d66e66996bc52db5f26025a47aa686e8b9db
	src/i18n/messages.ts	100644	4f8aaea87b7a521338fe9f61e0e3e7c15869ae673fd4ece95ef8117e6f9c195e
	src/styles.css	100644	88121364123e2a19a71a00b533c4a080e09c785271e3948b2b1f59a9601b7a21
	src/test/fixtures.ts	100644	ad7bce84086f355217f74b0b54af55fc2ac67dc939d5f6812d55bad4b2dd9047
