manifest	e8b2d13bdb74b631158e50f6e5fdb27c93565de805e3369eb6f3c09c50beab50	-
	README.md	100644	e9bc8c5a89b66b11ec36210b22cf6ba62756362000d1dd9b417af75b61900482
	crates/local-sights-core/src/cache/mod.rs	100644	767be66be0e6cb5fccbd7e2a4fa512bb1ec4270206d363ca97b703ed926fde4a
	crates/local-sights-core/src/cache/plan.rs	100644	63c9b89e4272472bc42ccd025cfa077ffb565cfbace3b7d497c2c9f44e7b1c87
	crates/local-sights-core/src/coordinator.rs	100644	dbd974aa1eaae81729c0bf307b9078df878de60ad5bec2b8aee19d68b6aa75ce
	crates/local-sights-core/src/log_view.rs	100644	809210b731057f674610e60a4b6b1991e2bcd64a456f9145edc17324225499ff
	crates/local-sights-core/src/session.rs	100644	1f6a5a1676d0a4893f2b7467d0315b04c9f282715a117e05eb662569950049ce
	crates/local-sights-core/tests/u6_cache_flow.rs	100644	7a8f13c1c6c59fc8290e4096f24d82b9c12097fc6624938ccdcd8083e588ac06
	src-tauri/build.rs	100644	49a5cd5cd97d15fb8be96953b2876613e0d169670bc208994cc3c63d3c5a71ed
	src-tauri/capabilities/default.json	100644	bd657621d9396aa8ac99442761db285fc2434d6bc96c19f0f17338fcc769ff37
	src-tauri/permissions/autogenerated/cancel_close.toml	100644	5f1b38e8aa914d988d592f786e37ea6345587f255164dd511f07124402518313
	src-tauri/permissions/autogenerated/confirm_close.toml	100644	af664ccfc7705965d2e77c24d33ece78be3bf799fb10bf1ca8920045c94d7427
	src-tauri/permissions/autogenerated/row_positions.toml	100644	cbf6b00d54f2508cd4b67681ca3ae076927b067fd5f0015d6296e5a174c26f3a
	src-tauri/src/lib.rs	100644	6a75d846af3975d29f98d2ba7ffb92342c027d7bfc291b05b4149004f822055e
	src-tauri/tauri.conf.json	100644	4db4a7083698936e63eff06ebc7699df16d2fc114b7114e3a8c49556b998dd57
	src/App.test.tsx	100644	6fd03452b4f3d722a0a186d58680cb072e15921213a84a636b5d45a50e9ba3a7
	src/App.tsx	100644	8d54ad05a2bbe596ef3800732b1478947da8b25819dedb114667f6c1fa7445a7
	src/api.ts	100644	367d2e598f252c52519b4c28163a75ab2a910caddd2743811be538b6685c4511
	src/components/CloseConfirmDialog.test.tsx	100644	468af1f464007aa3a6e1877d91b58ac20065c8ece6503b0ffebfd9351b60c6d9
	src/components/CloseConfirmDialog.tsx	100644	48d784cc61c55cbee79e8eb337b1537faa4b7c15be9c9deff03ef733fab00a17
	src/components/ErrorMessage.test.tsx	100644	9ed8d9b2bad9fb3567fc1ec96ccf86b8ab9335a57c177c340daa44cbac1f2033
	src/components/ErrorMessage.tsx	100644	e1fce78bae6263480762c23540379c0bd3654c68307cadbd58c42313e681811e
	src/components/ExpandedMessage.tsx	100644	ef158a65bfa9d399f8b3f1369f509875a5ff03cf1177145992c8dfd4ea72a59c
	src/components/FailureList.test.tsx	100644	231a339f96154e6683e595db35dfbe2cd8a89b0f34633a355aeb6f6a2297e15d
	src/components/FailureList.tsx	100644	9ebb8a64bb3c6d55403f3bd9121af7e4b59c1cdf5bd5bec643a7f9554239973e
	src/components/FetchErrorBanner.test.tsx	100644	6c2cdddf27963bf14461808fbc62a00edde626452afc5bf1e18f9d2dbc6f305d
	src/components/FetchErrorBanner.tsx	100644	b2dbf4aba4fa91f77bc763668e032a2b86766c9c67792b22843c5ea9fed30bc2
	src/components/LogGroupPane.test.tsx	100644	907b3158a7a829f3eca0c389c33c2ee3ad83343f33e7cdb4da6e57f4ce123b3c
	src/components/LogGroupPane.tsx	100644	b616c8e3f6564f02d403973babb661be8c202794933f5426f8a53e1b4e133fd3
	src/components/LogTable.test.tsx	100644	d0dd119400cfd8e051a262c2c04747005e5ded4e7c1baa571dbd1a30a96073d1
	src/components/LogTable.tsx	100644	f2102ebe0a946a4e0d563f82fbfc852b6e7286c46a3aaa8c42dc5c8463e03108
	src/components/StatusLine.test.tsx	100644	79f35605d19e872b6d0fc37c0d573a7e13c6c946ca0f2269243891796ffb76d3
	src/components/StatusLine.tsx	100644	37753b05567e500986747ab68905182311fca2f5f51d3c6a365c645e8dc765cc
	src/errorText.test.ts	100644	2f935f0181df42b0d714b2b59c246ab22d7ff8302e5a10568a2d8c88f2504657
	src/errorText.ts	100644	2c7f51b01ce694ad2c2e2ffcfb7c78edb2526764f1d8011000702eaf85444555
	src/hooks/expansionState.test.ts	100644	fd4f1d192b4959fd03462f6c4153980a73578780880289abacfb56794092d8a8
	src/hooks/expansionState.ts	100644	71dacfc0578242a7aebbda8f5318374a2f70114f32924b3c328622463b79d3a3
	src/hooks/useRowLayout.ts	100644	ebf723d932fc67db7ae0c497a99bb6c5058519751ba88fbc373e2302a983e8d8
	src/hooks/useRowPositions.test.tsx	100644	e8604d51b9cb9679b61c83723915556bf0edaf92cf8d86d3f674f95fbebf7ebf
	src/hooks/useRowPositions.ts	100644	26e32807b30b62e42027c9f32d098636306dea50595f0f1e8535779a8791ed5e
	src/i18n/messages.test.ts	100644	a9390a71a4a302338c9fe01eee093b6948037c1489d5c4ef379ad4c7195b4a21
	src/i18n/messages.ts	100644	6d0e6b35a7219890cd29e2632b0b49848c6c5160c8ee37c72162df391042a101
	src/rowLayout.test.ts	100644	3d2087ea32310fc7f97ac32a6605065e58fe905126a7dde4a153e5680e4ca5a0
	src/rowLayout.ts	100644	a574f4f68263253f44f224c87ebb580743ff7ac04c06fb1cdc93651211a98461
	src/styles.css	100644	083b8400cb660a48a3d6c5177d97151467f0c67fc8a836a5eb36b46ccb53ebb5
	src/test/fixtures.ts	100644	9eb592dc2a5870181b6ded4cdfa90406fd3ff3633a2ed5de1d53131e556ef595
	src/virtualScroll.test.ts	100644	1a1e2d3d04516aab3798f7ada1b7d51a06dc9136ca24d5b83cae9980e1e3cfdf
	src/virtualScroll.ts	100644	a0ac333651dd7d95e867464d8d79a5caa4da06a53a250371351d1681e55c898c
