manifest	05dd6c133066690741d21c6e00b22e9bcf3fdd94b8e9e6124154acd52dd6cf67	-
	README.md	100644	862585a7436a467e73675b493107d89db73f06aec4b68ed4ca42e4a3fbfb0691
	crates/local-sights-core/src/cache/mod.rs	100644	fc26426fd988ba6c8b6f5e26d78ac33411df995134a3f3f56dbf790d0cc70881
	crates/local-sights-core/src/cache/plan.rs	100644	63c9b89e4272472bc42ccd025cfa077ffb565cfbace3b7d497c2c9f44e7b1c87
	crates/local-sights-core/src/coordinator.rs	100644	a605f26a9f4f8f01f778d672ffaad84901d22726ae49269370232112c550a1d8
	crates/local-sights-core/src/log_view.rs	100644	b1fc79c858e73d43ab7f9081d03fe59e27bfb63753b23b9b45e66698fdf87292
	crates/local-sights-core/src/session.rs	100644	1f6a5a1676d0a4893f2b7467d0315b04c9f282715a117e05eb662569950049ce
	crates/local-sights-core/tests/u6_cache_flow.rs	100644	7a8f13c1c6c59fc8290e4096f24d82b9c12097fc6624938ccdcd8083e588ac06
	src-tauri/build.rs	100644	0bc17eb2acb50f74ae933fc1170492c8896e814fd5b9d5a3afd33f34785dffc6
	src-tauri/capabilities/default.json	100644	80df6e97320979430490169eec31a9c812a139d058de9f97613be39641b6ba52
	src-tauri/permissions/autogenerated/cancel_close.toml	100644	5f1b38e8aa914d988d592f786e37ea6345587f255164dd511f07124402518313
	src-tauri/permissions/autogenerated/confirm_close.toml	100644	af664ccfc7705965d2e77c24d33ece78be3bf799fb10bf1ca8920045c94d7427
	src-tauri/permissions/autogenerated/row_positions.toml	100644	cbf6b00d54f2508cd4b67681ca3ae076927b067fd5f0015d6296e5a174c26f3a
	src-tauri/src/lib.rs	100644	4ede0b280fae4414173e495a1a97b96f78f26cd887baf49633f6a51aa172ce32
	src-tauri/tauri.conf.json	100644	4db4a7083698936e63eff06ebc7699df16d2fc114b7114e3a8c49556b998dd57
	src/App.test.tsx	100644	2c3a92d4077ec24b565109a5cbec953f0e2dbf81b4dfe34e8c8d2b4d8e4ed10a
	src/App.tsx	100644	8d54ad05a2bbe596ef3800732b1478947da8b25819dedb114667f6c1fa7445a7
	src/api.ts	100644	cec7beb347220efab91b821bb18a7559bafa9aece863d9c9e672c34032aaaf21
	src/components/CloseConfirmDialog.test.tsx	100644	468af1f464007aa3a6e1877d91b58ac20065c8ece6503b0ffebfd9351b60c6d9
	src/components/CloseConfirmDialog.tsx	100644	48d784cc61c55cbee79e8eb337b1537faa4b7c15be9c9deff03ef733fab00a17
	src/components/ErrorMessage.test.tsx	100644	b19f8177ab254bf0a23cb36836d4ab491629c73eedeb88b2dffa2a4d30694be8
	src/components/ErrorMessage.tsx	100644	e1fce78bae6263480762c23540379c0bd3654c68307cadbd58c42313e681811e
	src/components/ExpandedMessage.tsx	100644	154c33f8aebc42832be5a50d447d3f7ce78ac0d7c7c33a8df970fd22ca43b954
	src/components/FailureList.test.tsx	100644	0677999f2fe55198397f26e7afe473103c27626524499eed11c5c2627758396f
	src/components/FailureList.tsx	100644	9ebb8a64bb3c6d55403f3bd9121af7e4b59c1cdf5bd5bec643a7f9554239973e
	src/components/FetchErrorBanner.test.tsx	100644	6c2cdddf27963bf14461808fbc62a00edde626452afc5bf1e18f9d2dbc6f305d
	src/components/FetchErrorBanner.tsx	100644	b2dbf4aba4fa91f77bc763668e032a2b86766c9c67792b22843c5ea9fed30bc2
	src/components/LogGroupPane.test.tsx	100644	05118316322f360e9e4c6a4a10d4a8e7a5cee1f15c9c9bbe39edc82bfaca5373
	src/components/LogGroupPane.tsx	100644	b616c8e3f6564f02d403973babb661be8c202794933f5426f8a53e1b4e133fd3
	src/components/LogTable.test.tsx	100644	2bdc8217f926f25e4c61a411062e39f08ef7c94c6d31132f3dc82848791c2c70
	src/components/LogTable.tsx	100644	62eafedc83fe0807b471ec2673dc86d68f9fabd4e9112490a78e0c60165f6a02
	src/components/StatusLine.test.tsx	100644	79f35605d19e872b6d0fc37c0d573a7e13c6c946ca0f2269243891796ffb76d3
	src/components/StatusLine.tsx	100644	37753b05567e500986747ab68905182311fca2f5f51d3c6a365c645e8dc765cc
	src/errorText.test.ts	100644	7fd4caeb988c15654396a21063e0439a5be94981a619fc39f65b84301fc767df
	src/errorText.ts	100644	214d452f0bc8089133868f2c5d850d61c327d27fcc118ace730c398114ce20ba
	src/hooks/expansionState.test.ts	100644	a5fdceedb8e6ef3ed6420f7956eb8320bd78341402537d57d06503337c74825d
	src/hooks/expansionState.ts	100644	e928c309a59bfe72b55fca9d8ad9f82c03dddb15a962ab6492e5a4c24f4f54ce
	src/hooks/useRowLayout.ts	100644	ebf723d932fc67db7ae0c497a99bb6c5058519751ba88fbc373e2302a983e8d8
	src/hooks/useRowPositions.test.tsx	100644	e8604d51b9cb9679b61c83723915556bf0edaf92cf8d86d3f674f95fbebf7ebf
	src/hooks/useRowPositions.ts	100644	26e32807b30b62e42027c9f32d098636306dea50595f0f1e8535779a8791ed5e
	src/i18n/messages.test.ts	100644	2a376bdcf5a1cf7628727cb972f54f34418f296c316aef83fdf509bfbd48907a
	src/i18n/messages.ts	100644	6e2ee22ed4d044038f53bfaa9e74ae6595ccf26129b7e81d75af2e17067aceb8
	src/rowLayout.test.ts	100644	6ecc98cd96f98c4fe1678b877232e293ce9eb4b48f68d991c566a09f4f21ac0c
	src/rowLayout.ts	100644	a574f4f68263253f44f224c87ebb580743ff7ac04c06fb1cdc93651211a98461
	src/styles.css	100644	ddc5644c6b3a1d0be27a8dc95b55ba55e89eb40b5f00fdcd0b93788a826ae1ff
	src/test/fixtures.ts	100644	9eb592dc2a5870181b6ded4cdfa90406fd3ff3633a2ed5de1d53131e556ef595
	src/virtualScroll.ts	100644	70cff2eb5d593c14a845d788897e9b32f279e3b36c77a0df4f3ba83a6c4fdc8d
