manifest	4b37b1593ff19061f3ca6c2bc1f6556e03b6b73a57731855544e16ab38638865	-
	Cargo.lock	100644	e4d778939a4fdf1040c53d8f48627021bf9fbdf205df88c9ba05467382afd938
	Cargo.toml	100644	daeb88833e41ba66f858eb39b96afafffc0ea4dc0fc6a688b2c3de7c526f6850
	README.md	100644	e9bc8c5a89b66b11ec36210b22cf6ba62756362000d1dd9b417af75b61900482
	crates/local-sights-core/Cargo.toml	100644	33a8450b88bc6639f23e78284dded352fb9691eb0fb75900d37061166325bad7
	crates/local-sights-core/examples/fetch_check.rs	100644	2c2cb9dbba9c9bcb062d7ddb748406861cdcae587cadfe4accf63c1530e7f39a
	crates/local-sights-core/src/coordinator.rs	100644	dbd974aa1eaae81729c0bf307b9078df878de60ad5bec2b8aee19d68b6aa75ce
	crates/local-sights-core/src/event.rs	100644	a632ac8759294f9a9d1e278b767fb314fe7a30437d0e5559310385072f8abc16
	crates/local-sights-core/src/fetcher.rs	100644	ef2b1c4796d914eff7f0956b85f61610fc4115ea3afb492ecf0c5f11133698f6
	crates/local-sights-core/src/gateway/aws.rs	100644	6956de9d3100d7b6805994ab7bffbc90b93c1c5a804562ed4681cd8268cf8710
	crates/local-sights-core/src/gateway/mod.rs	100644	9d4325fa0e8ed1f9df057110bd9ad0b9e719c775e4a3790ed162e117208ed4d4
	crates/local-sights-core/src/lib.rs	100644	f17fa02e0f9353824c4b9bf7f4a4a333ccf43e7493e0263451c7a6eed798f2b8
	crates/local-sights-core/src/request.rs	100644	94b2afc66a0c5f5368dc48e88fa0b93ad3a59930b4e031db5d7dbc1fb07384db
	crates/local-sights-core/src/retry.rs	100644	cd62279d4a222e694b9a0d5aed5bd51a7b91ee6ca7fac8d9215a882bc10954b9
	crates/local-sights-core/src/session.rs	100644	1f6a5a1676d0a4893f2b7467d0315b04c9f282715a117e05eb662569950049ce
	crates/local-sights-core/src/streams/mod.rs	100644	a77a3ec5f8b332725a821f71cd3ed2ebdfed060e0d492f95a2d3eb40bd8cd705
	crates/local-sights-core/src/streams/planner.rs	100644	3737dd15171400ebaa28cbefbeede308f61cec1d9cb6cb400d5710a7983dbe69
	crates/local-sights-core/src/timeline.rs	100644	a92fbf7012fe9c44cd214725fe322edb378df9fd4611162987b879e8092a5f0b
	crates/local-sights-core/tests/support/fake_gateway.rs	100644	d0b87f5566c59c0f74c7b639f040a83c327a921d51349672e62893882545f2f7
	crates/local-sights-core/tests/support/mod.rs	100644	01f3cb365975318999432e91c29e922e460b6039012f05436eb8bdc48f265978
	crates/local-sights-core/tests/support/recording_sink.rs	100644	5cac9bfac4bea2d40d40cabf706df479324ea9bd38caad91a4550d618bf65bde
	crates/local-sights-core/tests/u1_fetch_flow.rs	100644	a197388e81e50d803ea3e839c4f3e821f4d40abd9962abc5d06f9b3fda49e3bb
	crates/local-sights-core/tests/u3_fetch_flow.rs	100644	f061f965b776d390487d82f3361708346f333dd551de8909558b97145b505e1a
	src-tauri/build.rs	100644	49a5cd5cd97d15fb8be96953b2876613e0d169670bc208994cc3c63d3c5a71ed
	src-tauri/capabilities/default.json	100644	bd657621d9396aa8ac99442761db285fc2434d6bc96c19f0f17338fcc769ff37
	src-tauri/permissions/autogenerated/cancel_close.toml	100644	5f1b38e8aa914d988d592f786e37ea6345587f255164dd511f07124402518313
	src-tauri/permissions/autogenerated/cancel_connection_change.toml	100644	0530e2768a105e91f73319398e1263462fd4be9d6d289654e568495ed1ccb84a
	src-tauri/permissions/autogenerated/cancel_settings.toml	100644	ad2b83f9d9a3aa45a2cec3ab2a34e557e13fff85277489f81208b450b50169b5
	src-tauri/permissions/autogenerated/clear_cache.toml	100644	7bba105192cee47b8be6f0793feb241d3643bf8759e1eebd64d3dd42a62778e2
	src-tauri/permissions/autogenerated/confirm_close.toml	100644	af664ccfc7705965d2e77c24d33ece78be3bf799fb10bf1ca8920045c94d7427
	src-tauri/permissions/autogenerated/confirm_connection_change.toml	100644	6bf63a8c260c19081620436462b24a9adc50953f01fd5c0ba6822d04a2bd7097
	src-tauri/permissions/autogenerated/get_rows.toml	100644	7dfc1ddb1334b32fe411917de6d7253adb7eee03e9b8a0c5d7e70e8c4fa0e0dc
	src-tauri/permissions/autogenerated/get_session.toml	100644	728e1c8e743e68ab6c5735e6e2b8fa1962a8a5cb02b25de8ffa9afec102c188b
	src-tauri/permissions/autogenerated/open_settings.toml	100644	e948d39dbac58692d12b72a7f5da1af851cddeb1e25d6b4f68070783cb5d4624
	src-tauri/permissions/autogenerated/reload_log_groups.toml	100644	00fda595c41a2184835b3a8cb308296ef58add9a1d8ba4b212ff18005c8d5c29
	src-tauri/permissions/autogenerated/row_positions.toml	100644	cbf6b00d54f2508cd4b67681ca3ae076927b067fd5f0015d6296e5a174c26f3a
	src-tauri/permissions/autogenerated/save_settings.toml	100644	c2f15c2f70819c74bcb7bfe20c7429f079ef2bc8fbad9da5e355aa1d2a5688e3
	src-tauri/permissions/autogenerated/select_log_group.toml	100644	8647985205ab7b7a94068fa62ed95cd9c5ea30eb1961a1790e79dbd29d759521
	src-tauri/permissions/autogenerated/select_profile.toml	100644	4ae294aa6f6c84aef29c0cff58ec701bc6dd11b5ad97cafb46128f6b71244987
	src-tauri/permissions/autogenerated/select_region.toml	100644	5e485c3346cf740e85077747617708c83fd7064d22545307e20e4edc2e0e2d36
	src-tauri/permissions/autogenerated/select_time_zone.toml	100644	668164657a6f33179a63f094fcd61dbf09b37e93918bbf8d3cdfb6fe7ddc88f5
	src-tauri/permissions/autogenerated/set_failure_list_open.toml	100644	9c37502b651908340af70e715c5f4978758bbeea8d1d7ace8dbcf9d7b83e6c0e
	src-tauri/permissions/autogenerated/set_log_filter.toml	100644	fd85e5144889319bba6208b5880213cced016cae207bb9238fa8e6adf8d93ac0
	src-tauri/permissions/autogenerated/start_fetch.toml	100644	fe91012677a00f45843775b548b76a1de201d238d67ca4de42768e8c1e539b03
	src-tauri/permissions/autogenerated/update_input.toml	100644	0e672ca0d7427a652307c29de7d60c3d6984906df95ad24af8bdecff3d922ba0
	src-tauri/permissions/autogenerated/update_log_group_filter.toml	100644	403ef81b418c55463864c28173719ea13c3917c243bb6e4007889144d3a28e20
	src-tauri/src/lib.rs	100644	6a75d846af3975d29f98d2ba7ffb92342c027d7bfc291b05b4149004f822055e
	src/App.test.tsx	100644	6fd03452b4f3d722a0a186d58680cb072e15921213a84a636b5d45a50e9ba3a7
	src/App.tsx	100644	8d54ad05a2bbe596ef3800732b1478947da8b25819dedb114667f6c1fa7445a7
	src/api.ts	100644	13dc42a8ca9eb7ff6b6e48a6d6c1abd6d691e732dc580e494593b377e2ed26df
	src/components/FailureList.test.tsx	100644	231a339f96154e6683e595db35dfbe2cd8a89b0f34633a355aeb6f6a2297e15d
	src/components/FailureList.tsx	100644	9ebb8a64bb3c6d55403f3bd9121af7e4b59c1cdf5bd5bec643a7f9554239973e
	src/components/FetchForm.test.tsx	100644	e2025e509dd41f720543999935ea36170f3c833069fae4dbdc532ed0070232fb
	src/components/FetchForm.tsx	100644	a91d160f641c28f4123744c4f3855ec26c86a21769afa113b0d5ec124b2df04d
	src/components/LogTable.test.tsx	100644	d0dd119400cfd8e051a262c2c04747005e5ded4e7c1baa571dbd1a30a96073d1
	src/components/LogTable.tsx	100644	f2102ebe0a946a4e0d563f82fbfc852b6e7286c46a3aaa8c42dc5c8463e03108
	src/components/StatusLine.test.tsx	100644	79f35605d19e872b6d0fc37c0d573a7e13c6c946ca0f2269243891796ffb76d3
	src/components/StatusLine.tsx	100644	3dde3fa4580c82ae8c2ac64ece3cc2ed069409fe0a11b83c4e4d6e445d5d94f9
	src/hooks/useRowWindow.ts	100644	b8a1113c0aa1fd65d91734f1e540be5935e123bbcd9658b7a0f17b86d36c652e
	src/i18n/messages.test.ts	100644	a9390a71a4a302338c9fe01eee093b6948037c1489d5c4ef379ad4c7195b4a21
	src/i18n/messages.ts	100644	0bf9f5d9897ab95af8b5c36f1a87394ae6f98d99dc861963dbda0e180f5ea55f
	src/styles.css	100644	083b8400cb660a48a3d6c5177d97151467f0c67fc8a836a5eb36b46ccb53ebb5
	src/test/fixtures.ts	100644	9eb592dc2a5870181b6ded4cdfa90406fd3ff3633a2ed5de1d53131e556ef595
	src/virtualScroll.test.ts	100644	1a1e2d3d04516aab3798f7ada1b7d51a06dc9136ca24d5b83cae9980e1e3cfdf
	src/virtualScroll.ts	100644	a0ac333651dd7d95e867464d8d79a5caa4da06a53a250371351d1681e55c898c
