manifest	f8ffa1419f13b15a1261dfaa035848395eb72f1ae5f4383ec49a792b5aa08351	-
	.gitignore	100644	63d8ea3a9efdc080c9fb37f8508d481fbe71af44f41a00dfb76606ba288508ac
	.prettierignore	100644	dfd6e9c16c7a9822db20c777ff4fff6ae06f28388f795af9c29925d452abcaf7
	.prettierrc.json	100644	1ed88d3b99eced8dc3b6f58f26645466dd1ceaca6c5a9b818531c941ac28e55b
	Cargo.lock	100644	3d2a2110472cbd8cdb290932dd60da1ee48cbc486ee2c6c9229c4c6605803ad1
	Cargo.toml	100644	9ae12c4c26f794c66f3f7e07a6e8a47050d9807fb6aa015aa545d7d32c416b7d
	README.md	100644	02e87bd5d3672e5003274e9caa1524fcd9e96cbb1c9af3867c9ac054dedf34fa
	crates/local-sights-core/Cargo.toml	100644	6e435244e8ea0a3bafe4e5babed4063b2451e4b5d9632622690305d77705b52c
	crates/local-sights-core/examples/fetch_check.rs	100644	055d008ef3c82a6a5ec69f0c5925e0001f394503fbc6159a17bd11d6f18c6f05
	crates/local-sights-core/src/coordinator.rs	100644	bfe9ca411073a0efdd03d921d1876e22f199f1d32bda864188173a0656573748
	crates/local-sights-core/src/event.rs	100644	6af366fc5b83704b141c1bb42055d266bc00bd0743a4705cc9743c0d59874a00
	crates/local-sights-core/src/failure.rs	100644	1ed5d08023e0decc3d9b320efc0ae7c53f538c1eb9e89712e4e71d80122e361d
	crates/local-sights-core/src/fetcher.rs	100644	b58134c7c700c2c039467deaaf77b1952566c92bfef06762b3710fe354a6e9c9
	crates/local-sights-core/src/gateway/aws.rs	100644	7c678bb57c41b658313a64f2c89a5a69d95740d6ee2acd32bf4ca05d5831c4a7
	crates/local-sights-core/src/gateway/classify.rs	100644	f4a8188e8579e755cf02bc9516cfc937953844fab7e450497fb4929120e2904a
	crates/local-sights-core/src/gateway/mod.rs	100644	c57ee13ac8f842452d16020b1d64299a8806076bcf9db0b54c985d9b482e3679
	crates/local-sights-core/src/lib.rs	100644	2b7fd3b2e8ca5469ada74fba1de92c855cd2f2d65c9a8b5c2609c8dfcfea431e
	crates/local-sights-core/src/paging.rs	100644	c7e9b7aac6a659273eddcc85cf9126cecbe78537edac81a4428d37e42e0f5b63
	crates/local-sights-core/src/request.rs	100644	4261682d688f6a30237d27fed89c09c3817aeb618dc810b105b9719b7a01b611
	crates/local-sights-core/src/session.rs	100644	98e4bc6a33b8a0bfb92fe0620feec79e46e1befcfac20e0f9c367b12145564b2
	crates/local-sights-core/src/time_range.rs	100644	c0ffd251be8ece7fe2ba81a18d2c0026c27121bbd9f008423977415a5bad86cf
	crates/local-sights-core/src/timeline.rs	100644	680682efa8a6258c46f9dbf67a29d3a7277d23109158dbc689b735009846c8d6
	crates/local-sights-core/tests/support/fake_gateway.rs	100644	26fa0100180da231c7591957168ede6f6537b84803686b81d8d431013b9b10d4
	crates/local-sights-core/tests/support/mod.rs	100644	2a7af5627dfba1eb2b106fbebb80cb5f9fba069542c1ab7429e79699bea3fa8d
	crates/local-sights-core/tests/u1_fetch_flow.rs	100644	0c48027fe90db67491cf4cfc41ad29151b6ce4285c9cb13a12b46c37bf02e574
	eslint.config.js	100644	a853465e0e542da8f11a085e748a5b6473881aacfca0862c283e9a8a96398695
	index.html	100644	558af602708b4b89a7413ee6b338f8eac0ab01d1e036701009c804571574edc2
	package-lock.json	100644	da865fc616d6a0db1a69767bf6573afeb9daaf7d7d5f7c2906f7b569e1d04b75
	package.json	100644	18721cc519ac94c9ad13e515d09091cb2086d592b99dadfa18ccedf3f4af62f2
	src-tauri/Cargo.toml	100644	b92f4c49eee1be8c366a677c360e81ad37f61b8a37dce7c5d0e6f659c716baeb
	src-tauri/build.rs	100644	bb91803723cb1a19de91e997f0b116cc66a06ce8e79ed86fb075a9c713993d3a
	src-tauri/capabilities/default.json	100644	7f53f16aeabe70b359fa3107fa8fc275f539c323c0afbbc9f4d8475971940f01
	src-tauri/icons/128x128.png	100644	4a84cb8057a0b5971a1dd738e2c5fc7cff814787de492913553e77ffaeb9b3f2
	src-tauri/icons/128x128@2x.png	100644	c6299413ce912677c05da363ced40c33409a253cf9bf1047280170e589475eea
	src-tauri/icons/32x32.png	100644	001283cf7a4c3d461d7276a03cf5a75af3dc56aef858852464616c9c90774a99
	src-tauri/icons/icon.icns	100644	4d37629985400c23d0530d1fa8e4685ee1c31f4a7acef01f44a63f254c21eb19
	src-tauri/icons/icon.ico	100644	7930c40e3c6e60aa3e51841b6f58b4446c757aacd6669f8a882f7620dcde06f3
	src-tauri/icons/icon.png	100644	0e8eac1a1d4828304e4e65697fc68df9f18d21745c570ecce4e3383797077c73
	src-tauri/permissions/autogenerated/get_session.toml	100644	728e1c8e743e68ab6c5735e6e2b8fa1962a8a5cb02b25de8ffa9afec102c188b
	src-tauri/permissions/autogenerated/start_fetch.toml	100644	fe91012677a00f45843775b548b76a1de201d238d67ca4de42768e8c1e539b03
	src-tauri/permissions/autogenerated/update_input.toml	100644	0e672ca0d7427a652307c29de7d60c3d6984906df95ad24af8bdecff3d922ba0
	src-tauri/src/lib.rs	100644	ab58e670f55ca133bd0f5c00f98f172fe511e6b1c677da31a4a1ca36150a5c5b
	src-tauri/src/main.rs	100644	8cb3b32887ad8f1d2ab40b336c274400f5231b684f54934603d4201cc0747529
	src-tauri/tauri.conf.json	100644	f1359df2e5d5410086fd2203c500ce4b1700ce0856b963060ae655b1985c0eec
	src/App.test.tsx	100644	ef9db60ffef39d46afa2929c0cdec15d0dfabc7ad17f79df1aba7e94b409c0cc
	src/App.tsx	100644	7157340cc68e7cb76d1335296134e874e97928807d0a54780f1160c98f8d01ce
	src/api.ts	100644	7e2c7793a814710f3dadb49ed46e52554e9ebc694cac2dbebc36f80be0ae25b6
	src/components/FetchForm.test.tsx	100644	3bca8a1f84e72a34e8acf1aa867c4d0e3c4deb240d552a254df861c5b3d7d2d3
	src/components/FetchForm.tsx	100644	383a1a0a97f73ff1f36f0bbbca0ccf9a9ff17b594857a85d2ba8cd69b1298a77
	src/components/LogTable.test.tsx	100644	96c23ad0618c923ee94ce10b077fad1c256093fcdfacaa507adb139088337b28
	src/components/LogTable.tsx	100644	3526a18b4b52244c1fccf53e5cdc8839892fd7c6bf1761c59aa880156f110b6c
	src/components/StatusLine.test.tsx	100644	114dffe1ac734a81fb095ba0a3c7493b221c779445996a632d7be88d687e2b12
	src/components/StatusLine.tsx	100644	b259f4d4dc1192020f42f57281f86fd63e0c3e51a527684063126aedc0e6d001
	src/format.ts	100644	b5e65db151fe42d02af20e65ece26ba20c72df07d7fc66303742059d4a32a98e
	src/hooks/useEscapeKey.test.tsx	100644	8f58da3e17fac948528f0fc953503773cc448cf42f4fd7b929981dcd48dde5c2
	src/hooks/useEscapeKey.ts	100644	c8f57a3124e1770c67edda675dc8e4c9355d556f035136f5c4c4eb28fa8f4997
	src/i18n/messages.test.ts	100644	f776883c4760df53400c0ef56cc1123e2b45b431cb30cc9b25f609e646f836a3
	src/i18n/messages.ts	100644	a6245fab556dc8a8f38adc233cda47a9956526f933947422c895479c27149e5e
	src/main.tsx	100644	c099a3aa8e3f2b8d81810f8a132774f3c06c47626407dd023457525f0c2f5ff7
	src/styles.css	100644	2ab436c02fdb4db29ef7f40f39437f025c7f51e4bf33162df011b03382ca8bcb
	src/test/fixtures.ts	100644	c6905dfe902abc6f1902b64d6c83cca132dc18e7efededda4981c0802377a377
	src/test/setup.ts	100644	f6dacd0c48caa5c15c870a23f157a9801eea0c792f9c6e4d9a29374fa10b3e39
	src/vite-env.d.ts	100644	65996936fbb042915f7b74a200fcdde7e410f32a669b1ab9597cfaa4b0faddb5
	tsconfig.json	100644	c6ba11cdddb3b7249cc80fad5fa8775378ccd04db9b02adb52cbe330084e3059
	vite.config.ts	100644	4d6efdf6069b5a03f8809fea72cd73ab70a9adcc5181efe7c884646f9dc9670e
	vitest.config.ts	100644	9378ee43bfb94bdd3c8283105e8137ea86e4ccc480e389550692eb93aa6bd905
