manifest	04d9b8291dee6c3f9a8d93e17d868003cc37af4d5c308b676c833a6c505f2c19	-
	Cargo.lock	100644	e4d778939a4fdf1040c53d8f48627021bf9fbdf205df88c9ba05467382afd938
	Cargo.toml	100644	daeb88833e41ba66f858eb39b96afafffc0ea4dc0fc6a688b2c3de7c526f6850
	README.md	100644	e9bc8c5a89b66b11ec36210b22cf6ba62756362000d1dd9b417af75b61900482
	crates/local-sights-core/Cargo.toml	100644	33a8450b88bc6639f23e78284dded352fb9691eb0fb75900d37061166325bad7
	crates/local-sights-core/examples/fetch_check.rs	100644	2c2cb9dbba9c9bcb062d7ddb748406861cdcae587cadfe4accf63c1530e7f39a
	crates/local-sights-core/src/catalog/files.rs	100644	a19319f4fa028ac2a7b46c68d259ec064a09a6a169e8a52ec63f06690c10c7ba
	crates/local-sights-core/src/catalog/mod.rs	100644	eb55be13519a6338e4e3f59c406433b06e3d1ce1a5ba49280285554a4e238cf6
	crates/local-sights-core/src/catalog/regions.rs	100644	3a6f361ff5e96babbffec7bf7d69e74223c744f70435a20eb8ee31984824a4b6
	crates/local-sights-core/src/connection.rs	100644	a3b10bef3280cd44ffcb5317f916e638b75c0a0c9c3673ad4edca9d89edbeefe
	crates/local-sights-core/src/fetcher.rs	100644	ef2b1c4796d914eff7f0956b85f61610fc4115ea3afb492ecf0c5f11133698f6
	crates/local-sights-core/src/gateway/aws.rs	100644	6956de9d3100d7b6805994ab7bffbc90b93c1c5a804562ed4681cd8268cf8710
	crates/local-sights-core/src/gateway/mod.rs	100644	9d4325fa0e8ed1f9df057110bd9ad0b9e719c775e4a3790ed162e117208ed4d4
	crates/local-sights-core/src/lib.rs	100644	f17fa02e0f9353824c4b9bf7f4a4a333ccf43e7493e0263451c7a6eed798f2b8
	crates/local-sights-core/src/log_groups/listing.rs	100644	5a74c9984b0bafd57b0943f0edeba1ce0cf285c873565783abf7a3bd26e6519d
	crates/local-sights-core/src/log_groups/mod.rs	100644	190b786f68de550ce880c8093e0d6d8fc4cc3ca6227058f9f0bf8b67e29c6f77
	crates/local-sights-core/src/request.rs	100644	94b2afc66a0c5f5368dc48e88fa0b93ad3a59930b4e031db5d7dbc1fb07384db
	crates/local-sights-core/src/session.rs	100644	1f6a5a1676d0a4893f2b7467d0315b04c9f282715a117e05eb662569950049ce
	crates/local-sights-core/tests/support/fake_gateway.rs	100644	d0b87f5566c59c0f74c7b639f040a83c327a921d51349672e62893882545f2f7
	crates/local-sights-core/tests/support/mod.rs	100644	01f3cb365975318999432e91c29e922e460b6039012f05436eb8bdc48f265978
	crates/local-sights-core/tests/u1_fetch_flow.rs	100644	a197388e81e50d803ea3e839c4f3e821f4d40abd9962abc5d06f9b3fda49e3bb
	crates/local-sights-core/tests/u2_log_group_listing.rs	100644	9e338006b50fc475a222a594c8d30f73605f09a44ed3dd86bd9048d3b203a843
	src-tauri/build.rs	100644	49a5cd5cd97d15fb8be96953b2876613e0d169670bc208994cc3c63d3c5a71ed
	src-tauri/capabilities/default.json	100644	bd657621d9396aa8ac99442761db285fc2434d6bc96c19f0f17338fcc769ff37
	src-tauri/permissions/autogenerated/cancel_close.toml	100644	5f1b38e8aa914d988d592f786e37ea6345587f255164dd511f07124402518313
	src-tauri/permissions/autogenerated/cancel_connection_change.toml	100644	0530e2768a105e91f73319398e1263462fd4be9d6d289654e568495ed1ccb84a
	src-tauri/permissions/autogenerated/cancel_settings.toml	100644	ad2b83f9d9a3aa45a2cec3ab2a34e557e13fff85277489f81208b450b50169b5
	src-tauri/permissions/autogenerated/clear_cache.toml	100644	7bba105192cee47b8be6f0793feb241d3643bf8759e1eebd64d3dd42a62778e2
	src-tauri/permissions/autogenerated/confirm_close.toml	100644	af664ccfc7705965d2e77c24d33ece78be3bf799fb10bf1ca8920045c94d7427
	src-tauri/permissions/autogenerated/confirm_connection_change.toml	100644	6bf63a8c260c19081620436462b24a9adc50953f01fd5c0ba6822d04a2bd7097
	src-tauri/permissions/autogenerated/get_rows.toml	100644	7dfc1ddb1334b32fe411917de6d7253adb7eee03e9b8a0c5d7e70e8c4fa0e0dc
	src-tauri/permissions/autogenerated/get_session.toml	100644	728e1c8e743e68ab6c5735e6e2b8fa1962a8a5cb02b25de8ffa9afec102c188b
	src-tauri/permissions/autogenerated/open_settings.toml	100644	e948d39dbac58692d12b72a7f5da1af851cddeb1e25d6b4f68070783cb5d4624
	src-tauri/permissions/autogenerated/reload_log_groups.toml	100644	00fda595c41a2184835b3a8cb308296ef58add9a1d8ba4b212ff18005c8d5c29
	src-tauri/permissions/autogenerated/row_positions.toml	100644	cbf6b00d54f2508cd4b67681ca3ae076927b067fd5f0015d6296e5a174c26f3a
	src-tauri/permissions/autogenerated/save_settings.toml	100644	c2f15c2f70819c74bcb7bfe20c7429f079ef2bc8fbad9da5e355aa1d2a5688e3
	src-tauri/permissions/autogenerated/select_log_group.toml	100644	8647985205ab7b7a94068fa62ed95cd9c5ea30eb1961a1790e79dbd29d759521
	src-tauri/permissions/autogenerated/select_profile.toml	100644	4ae294aa6f6c84aef29c0cff58ec701bc6dd11b5ad97cafb46128f6b71244987
	src-tauri/permissions/autogenerated/select_region.toml	100644	5e485c3346cf740e85077747617708c83fd7064d22545307e20e4edc2e0e2d36
	src-tauri/permissions/autogenerated/select_time_zone.toml	100644	668164657a6f33179a63f094fcd61dbf09b37e93918bbf8d3cdfb6fe7ddc88f5
	src-tauri/permissions/autogenerated/set_failure_list_open.toml	100644	9c37502b651908340af70e715c5f4978758bbeea8d1d7ace8dbcf9d7b83e6c0e
	src-tauri/permissions/autogenerated/set_log_filter.toml	100644	fd85e5144889319bba6208b5880213cced016cae207bb9238fa8e6adf8d93ac0
	src-tauri/permissions/autogenerated/start_fetch.toml	100644	fe91012677a00f45843775b548b76a1de201d238d67ca4de42768e8c1e539b03
	src-tauri/permissions/autogenerated/update_input.toml	100644	0e672ca0d7427a652307c29de7d60c3d6984906df95ad24af8bdecff3d922ba0
	src-tauri/permissions/autogenerated/update_log_group_filter.toml	100644	403ef81b418c55463864c28173719ea13c3917c243bb6e4007889144d3a28e20
	src-tauri/src/lib.rs	100644	6a75d846af3975d29f98d2ba7ffb92342c027d7bfc291b05b4149004f822055e
	src/App.test.tsx	100644	6fd03452b4f3d722a0a186d58680cb072e15921213a84a636b5d45a50e9ba3a7
	src/App.tsx	100644	8d54ad05a2bbe596ef3800732b1478947da8b25819dedb114667f6c1fa7445a7
	src/api.ts	100644	367d2e598f252c52519b4c28163a75ab2a910caddd2743811be538b6685c4511
	src/components/ConfirmDialog.test.tsx	100644	aa1c0deb5e1a74c8c824d9b531e0565c2bc01e21b4a23818f94fcc1a14218c89
	src/components/ConfirmDialog.tsx	100644	57afdbe65d3bcd4b095ba602ef57112db56539d8e996c5346641616054b4a3be
	src/components/ConnectionBar.test.tsx	100644	20e8451d6e4be4f24643722f536642a32ff63dfb353d21765f479d1ded890062
	src/components/ConnectionBar.tsx	100644	9fe5c283d395d1b95b1c05b098c5739e8bf3f32aa2f58d317c20240081d7538d
	src/components/FetchForm.test.tsx	100644	e2025e509dd41f720543999935ea36170f3c833069fae4dbdc532ed0070232fb
	src/components/FetchForm.tsx	100644	a91d160f641c28f4123744c4f3855ec26c86a21769afa113b0d5ec124b2df04d
	src/components/LogGroupPane.test.tsx	100644	907b3158a7a829f3eca0c389c33c2ee3ad83343f33e7cdb4da6e57f4ce123b3c
	src/components/LogGroupPane.tsx	100644	b616c8e3f6564f02d403973babb661be8c202794933f5426f8a53e1b4e133fd3
	src/i18n/messages.test.ts	100644	a9390a71a4a302338c9fe01eee093b6948037c1489d5c4ef379ad4c7195b4a21
	src/i18n/messages.ts	100644	6d0e6b35a7219890cd29e2632b0b49848c6c5160c8ee37c72162df391042a101
	src/styles.css	100644	083b8400cb660a48a3d6c5177d97151467f0c67fc8a836a5eb36b46ccb53ebb5
	src/test/fixtures.ts	100644	9eb592dc2a5870181b6ded4cdfa90406fd3ff3633a2ed5de1d53131e556ef595
